{
  "api": 0.0640570741461847,
  "api frontend": 0.03196858082920152,
  "api frontend crm": 0.03196858082920152,
  "api postgresql": 0.047440933812634103,
  "api postgresql redis": 0.03066285837346767,
  "api postgresql sql": 0.025943962564176977,
  "asp": 0.025943962564176977,
  "asp net": 0.025943962564176977,
  "asp net core": 0.025943962564176977,
  "core": 0.025943962564176977,
  "core rest": 0.025943962564176977,
  "core rest api": 0.025943962564176977,
  "crm": 0.03196858082920152,
  "crm postgresql": 0.03196858082920152,
  "crm postgresql javascript": 0.03196858082920152,
  "django": 0.032095787546687814,
  "django mysql": 0.032095787546687814,
  "django mysql fastapi": 0.032095787546687814,
  "docker": 0.08608090240426185,
  "docker sql": 0.02956957181273385,
  "fastapi": 0.032095787546687814,
  "fastapi postgresql": 0.032095787546687814,
  "fastapi postgresql redis": 0.032095787546687814,
  "frontend": 0.07066206090408061,
  "frontend crm": 0.03196858082920152,
  "frontend crm postgresql": 0.03196858082920152,
  "git": 0.07499408402725147,
  "git django": 0.032095787546687814,
  "git django mysql": 0.032095787546687814,
  "git golang": 0.02956957181273385,
  "git golang linux": 0.02956957181273385,
  "git node": 0.03066285837346767,
  "git node js": 0.03066285837346767,
  "git react": 0.025943962564176977,
  "git react graphql": 0.025943962564176977,
  "golang": 0.09500667538581502,
  "golang linux": 0.02956957181273385,
  "golang linux mysql": 0.02956957181273385,
  "golang sql": 0.08379299146829347,
  "graphql": 0.025943962564176977,
  "graphql asp": 0.025943962564176977,
  "graphql asp net": 0.025943962564176977,
  "java": 0.05249003410873189,
  "javascript": 0.03196858082920152,
  "javascript java": 0.03196858082920152,
  "js": 0.03066285837346767,
  "js rest": 0.03066285837346767,
  "js rest api": 0.03066285837346767,
  "linux": 0.07285683027838076,
  "linux docker": 0.05736365681933711,
  "linux mysql": 0.02956957181273385,
  "linux mysql mongodb": 0.02956957181273385,
  "mongodb": 0.02956957181273385,
  "mongodb postgresql": 0.02956957181273385,
  "mongodb postgresql docker": 0.02956957181273385,
  "mysql": 0.05168038380260161,
  "mysql fastapi": 0.032095787546687814,
  "mysql fastapi postgresql": 0.032095787546687814,
  "mysql mongodb": 0.02956957181273385,
  "mysql mongodb postgresql": 0.02956957181273385,
  "net": 0.025943962564176977,
  "net core": 0.025943962564176977,
  "net core rest": 0.025943962564176977,
  "node": 0.03066285837346767,
  "node js": 0.03066285837346767,
  "node js rest": 0.03066285837346767,
  "postgresql": 0.08432572725205138,
  "postgresql docker": 0.02956957181273385,
  "postgresql docker sql": 0.02956957181273385,
  "postgresql javascript": 0.03196858082920152,
  "postgresql javascript java": 0.03196858082920152,
  "postgresql redis": 0.05259664326580568,
  "postgresql redis docker": 0.032095787546687814,
  "postgresql redis java": 0.03066285837346767,
  "postgresql sql": 0.025943962564176977,
  "react": 0.025943962564176977,
  "react graphql": 0.025943962564176977,
  "react graphql asp": 0.025943962564176977,
  "redis": 0.0868715591428934,
  "redis docker": 0.032095787546687814,
  "redis java": 0.03066285837346767,
  "redis linux": 0.05736365681933711,
  "redis linux docker": 0.05736365681933711,
  "rest": 0.0640570741461847,
  "rest api": 0.0640570741461847,
  "rest api frontend": 0.03196858082920152,
  "rest api postgresql": 0.047440933812634103,
  "sql": 0.10074544712315087,
  "английский": 0.05234583516606278,
  "английский язык": 0.05234583516606278,
  "английский язык frontend": 0.05234583516606278,
  "язык": 0.05234583516606278,
  "язык frontend": 0.05234583516606278
}