{
  "html": 0.28867513459481287,
  "css": 0.28867513459481287,
  "mysql": 1.0,
  "git": 0.09327725970248991,
  "sql": 0.09327725970248991,
  "net core": 0.09327725970248991,
  "postgresql": 0.09327725970248991,
  "mongodb": 0.09327725970248991,
  "docker": 0.09327725970248991,
  "redis": 0.09327725970248991
}