{
  "api": 0.08284055116331146,
  "api javascript": 0.06121233069924087,
  "api react": 0.0385852363108944,
  "asp": 0.031791218981205516,
  "asp net": 0.031791218981205516,
  "core": 0.031791218981205516,
  "core kubernetes": 0.031791218981205516,
  "crm": 0.06121233069924087,
  "css": 0.0385852363108944,
  "css html": 0.0385852363108944,
  "docker": 0.031791218981205516,
  "docker git": 0.031791218981205516,
  "frontend": 0.22321328083813677,
  "frontend mongodb": 0.031791218981205516,
  "frontend react": 0.08146142742015598,
  "git": 0.058418501772950215,
  "html": 0.0385852363108944,
  "html rest": 0.0385852363108944,
  "javascript": 0.13952299277635852,
  "javascript crm": 0.06121233069924087,
  "javascript css": 0.0385852363108944,
  "javascript node": 0.05301052460887031,
  "javascript react": 0.07368313893641135,
  "js": 0.05301052460887031,
  "js typescript": 0.05301052460887031,
  "kubernetes": 0.031791218981205516,
  "kubernetes redis": 0.031791218981205516,
  "mongodb": 0.031791218981205516,
  "mongodb sql": 0.031791218981205516,
  "net": 0.031791218981205516,
  "net core": 0.031791218981205516,
  "node": 0.05301052460887031,
  "node js": 0.05301052460887031,
  "postgresql": 0.031791218981205516,
  "postgresql asp": 0.031791218981205516,
  "react": 0.15199682926261823,
  "react typescript": 0.0996490404198627,
  "redis": 0.031791218981205516,
  "redis docker": 0.031791218981205516,
  "redux": 0.07368313893641135,
  "redux javascript": 0.07368313893641135,
  "rest": 0.08284055116331146,
  "rest api": 0.08284055116331146,
  "sass": 0.0385852363108944,
  "sass javascript": 0.0385852363108944,
  "sql": 0.031791218981205516,
  "sql postgresql": 0.031791218981205516,
  "typescript": 0.12278924816964226,
  "typescript git": 0.0385852363108944,
  "typescript react": 0.05301052460887031
}