{
  "before_reranker": {
    "программирование 1с": 0.418,
    "1c erp": 0.14404833836858008,
    "git": 0.13873111782477343,
    "llm": 0.1203411346054506,
    "python": 0.1075079983115358,
    "dwh": 0.098329572528123,
    "r": 0.09372854922279793,
    "presto": 0.08365942507772021,
    "java": 0.06001208459214503,
    "текстовая аналитика": 0.05355917098445597,
    "xml": 0.0323867069486405,
    "1c предприятие": 0.027848217522658612,
    "php": 0.009667673716012088,
    "gitlab": 0.008217522658610274,
    "jenkins": 0.004592145015105739,
    "jira": 0.0024169184290030264,
    "linux": 0.00048338368580060634,
    "архитектура данных": 0.0
  },
  "after_reranker": {
    "программирование 1с": 0.5398233378487846,
    "текстовая аналитика": 0.33749141968911917,
    "архитектура данных": 0.24940641103313071,
    "git": 0.20417937129445202,
    "1c предприятие": 0.19904284248185392,
    "linux": 0.19624927577732662,
    "xml": 0.1938734613153802,
    "gitlab": 0.1785356671530362,
    "dwh": 0.1779128842513032,
    "python": 0.17370882986168887,
    "llm": 0.17017253962043766,
    "1c erp": 0.1693060600256745,
    "java": 0.16519995292123318,
    "r": 0.13246226112832057,
    "presto": 0.1245306383500312,
    "php": 0.12336880247736484,
    "jira": 0.07527764441558772,
    "jenkins": 0.0032145015105740173
  }
}