{
  "before_reranker": {
    "erp": 0.39999999999999997,
    "r": 0.15194736808290157,
    "llm": 0.08616866363478512,
    "поиск аномалий": 0.07321538673575129,
    "python": 0.0685329762124352,
    "rag": 0.06341405844559586,
    "текстовая аналитика": 0.05355917098445597,
    "федеративное обучение": 0.05355917098445597,
    "dwh": 0.04413187761778776,
    "программирование 1с": 0.04086360520904729,
    "1c erp": 0.023972446881425635,
    "git": 0.01343385880740233,
    "java": 0.006716929403701166,
    "fastapi": 0.006168608636052089,
    "1c предприятие": 0.005729952021932831,
    "uml": 0.004523646333104867,
    "kotlin": 0.0034270047978067182,
    "mvvm": 0.0027416038382453755,
    "jenkins": 0.0003564084989719001,
    "nginx": 0.0,
    "системное администрирование": 0.0
  },
  "after_reranker": {
    "erp": 0.47884494865167765,
    "федеративное обучение": 0.33749141968911917,
    "поиск аномалий": 0.32143157627757024,
    "программирование 1с": 0.30685239080399185,
    "текстовая аналитика": 0.29549558244843394,
    "1c предприятие": 0.274764723191273,
    "r": 0.2711987057927947,
    "rag": 0.2590841525699304,
    "git": 0.24367842040765092,
    "java": 0.23425858533248217,
    "llm": 0.23023583861173139,
    "python": 0.22992683555016388,
    "kotlin": 0.22065500454553727,
    "dwh": 0.22038077525512015,
    "fastapi": 0.21434009781852617,
    "1c erp": 0.20801547414450647,
    "nginx": 0.19556734749891355,
    "mvvm": 0.18888819933186224,
    "uml": 0.18093067036277244,
    "jenkins": 0.12691230244478593,
    "системное администрирование": 0.0
  }
}