{
  "before_reranker": {
    "erp": 0.4,
    "llm": 0.08096834099816501,
    "python": 0.0685592307046632,
    "rag": 0.06343835191709844,
    "a/b тестирование": 0.053579689119171,
    "dwh": 0.04320668375474421,
    "программирование 1с": 0.037947122861586316,
    "1c erp": 0.03172628304821151,
    "git": 0.013374805598755833,
    "kotlin": 0.006376360808709175,
    "java": 0.005909797822706062,
    "1c предприятие": 0.004354587869362364,
    "uml": 0.0037325038880248827,
    "mvvm": 0.0032659409020217717,
    "xml": 0.0023328149300155506,
    "fastapi": 0.0018662519440124398,
    "администрирование 1с": 0.00015552099533436975,
    "gitlab": 0.0
  },
  "after_reranker": {
    "erp": 0.3179926724066759,
    "администрирование 1с": 0.30010886469673403,
    "программирование 1с": 0.292685617698896,
    "xml": 0.2531134415158236,
    "a/b тестирование": 0.2512951975519415,
    "1c предприятие": 0.19764204745045397,
    "rag": 0.13008740069990551,
    "java": 0.10004155206177331,
    "gitlab": 0.09252967088208151,
    "python": 0.09135543960221679,
    "llm": 0.07923853351747957,
    "uml": 0.07858874081840622,
    "dwh": 0.07540349513210123,
    "kotlin": 0.066228789783996,
    "git": 0.04849050140048445,
    "1c erp": 0.031036185013429855,
    "mvvm": 0.03048620156223241,
    "fastapi": 0.0013063763608087077
  }
}