{
  "before_reranker": {
    "erp": 0.39999999999999997,
    "r": 0.2631759289260886,
    "llm": 0.2251615393888579,
    "rag": 0.1723227605451212,
    "python": 0.16507528320971898,
    "поиск аномалий": 0.07346782134715024,
    "текстовая аналитика": 0.0537438341968912,
    "федеративное обучение": 0.0537438341968912,
    "dwh": 0.04446824685349331,
    "программирование 1с": 0.03486176668914364,
    "1c erp": 0.02420107889413351,
    "git": 0.015643964935940665,
    "1c предприятие": 0.006060013486176669,
    "fastapi": 0.005124747134187459,
    "uml": 0.004720161834120028,
    "kotlin": 0.0036412677006068777,
    "mvvm": 0.0026972353337828743,
    "pytest": 0.0014025623735670954,
    "системное администрирование": 0.00026972353337828824,
    "gitlab": 0.0,
    "jenkins": 0.0
  },
  "after_reranker": {
    "erp": 0.5075417051460908,
    "python": 0.4155526982468033,
    "r": 0.4016389048707052,
    "rag": 0.37561502714903805,
    "llm": 0.36977034870968506,
    "gitlab": 0.2909610358988466,
    "dwh": 0.2834469522523802,
    "mvvm": 0.28179374920891964,
    "kotlin": 0.27274714648303083,
    "поиск аномалий": 0.2712070124039526,
    "pytest": 0.26666430402638014,
    "текстовая аналитика": 0.26125851232286695,
    "git": 0.25342223518439433,
    "fastapi": 0.24055586483662075,
    "uml": 0.23548928609743403,
    "1c erp": 0.23188622906315987,
    "1c предприятие": 0.22794271484185236,
    "программирование 1с": 0.2181100332949013,
    "jenkins": 0.18025976067435598,
    "федеративное обучение": 0.14837383270091503,
    "системное администрирование": 0.00018880647336480175
  }
}