{
  "before_reranker": {
    "программирование 1с": 0.4180000000000001,
    "llm": 0.24007602593349123,
    "python": 0.20625068748431388,
    "r": 0.20475638080686862,
    "1c erp": 0.12875,
    "git": 0.12187500000000001,
    "dwh": 0.0961805722948532,
    "presto": 0.08394786901554405,
    "xml": 0.06583333333333334,
    "текстовая аналитика": 0.0537438341968912,
    "1c предприятие": 0.02604270833333333,
    "gitlab": 0.008958333333333337,
    "php": 0.005729166666666664,
    "jenkins": 0.005625,
    "jira": 0.0037500000000000007,
    "linux": 0.002291666666666667,
    "администрирование linux": 0.0013541666666666656,
    "agile": 0.0
  },
  "after_reranker": {
    "программирование 1с": 0.44880793504293925,
    "agile": 0.3,
    "python": 0.23697339757250654,
    "xml": 0.2308184625942618,
    "текстовая аналитика": 0.21771178413455247,
    "llm": 0.21091482022978844,
    "r": 0.1966889790014878,
    "linux": 0.1893514984983625,
    "git": 0.14952542166115274,
    "администрирование linux": 0.14618567700455437,
    "gitlab": 0.13377006742114636,
    "dwh": 0.13328039963142474,
    "presto": 0.1196711576059526,
    "1c предприятие": 0.11727708180451961,
    "1c erp": 0.10397731671576854,
    "php": 0.1025419847731198,
    "jira": 0.0410928673343751,
    "jenkins": 0.0039375
  }
}