{
  "before_reranker": {
    "erp": 0.4,
    "llm": 0.19161270711203546,
    "rag": 0.17259394350882112,
    "python": 0.1648734009088198,
    "a/b тестирование": 0.05376435233160622,
    "dwh": 0.04319511023458918,
    "программирование 1с": 0.03770043019163082,
    "1c erp": 0.029878764176769657,
    "git": 0.014078998826750098,
    "kotlin": 0.00625733281188893,
    "uml": 0.004692999608916698,
    "1c предприятие": 0.004536566288619476,
    "mvvm": 0.0035979663668361363,
    "xml": 0.002659366445052794,
    "fastapi": 0.002190066484161124,
    "jenkins": 0.00015643332029721959,
    "gitlab": 0.0,
    "администрирование 1с": 0.0
  },
  "after_reranker": {
    "erp": 0.36056523178286015,
    "python": 0.3238331135302678,
    "программирование 1с": 0.3119001288535117,
    "xml": 0.30186155651153695,
    "1c предприятие": 0.2684956474714975,
    "a/b тестирование": 0.2563699740472844,
    "rag": 0.25305414766989415,
    "gitlab": 0.2277233106883344,
    "администрирование 1с": 0.21034944753558313,
    "llm": 0.20012987223359874,
    "kotlin": 0.1640415613370942,
    "dwh": 0.14442726802057168,
    "uml": 0.1317697237194324,
    "git": 0.11128886947016778,
    "mvvm": 0.09100982056567043,
    "1c erp": 0.08108962225882695,
    "fastapi": 0.04246269992856964,
    "jenkins": 0.0001095033242080537
  }
}