{
  "before_reranker": {
    "программирование 1с": 0.418,
    "llm": 0.24772034803675824,
    "r": 0.20737140803400533,
    "1c erp": 0.12560000000000002,
    "dwh": 0.10532146317761659,
    "текстовая аналитика": 0.054379896373057006,
    "xml": 0.04288000000000001,
    "1c предприятие": 0.02852288000000001,
    "jenkins": 0.008480000000000001,
    "linux": 0.005120000000000003,
    "mvvm": 0.0032,
    "uml": 0.0032,
    "администрирование 1с": 0.003040000000000001,
    "ssis": 0.0028799999999999993,
    "apache": 0.0016000000000000016,
    "zabbix": 0.00048000000000000267,
    "анализ требований": 0.0
  },
  "after_reranker": {
    "программирование 1с": 0.5926,
    "xml": 0.2908457595043037,
    "администрирование 1с": 0.26976955485231646,
    "текстовая аналитика": 0.2445711356161175,
    "llm": 0.21228985356705216,
    "linux": 0.2037560272423469,
    "анализ требований": 0.19399838447484352,
    "r": 0.1770222913125875,
    "apache": 0.15195183430593856,
    "1c предприятие": 0.14750830267312606,
    "1c erp": 0.1289122386303892,
    "zabbix": 0.12281476349880044,
    "dwh": 0.10699900077303001,
    "ssis": 0.10223073189735574,
    "uml": 0.06183656187239769,
    "mvvm": 0.016785165208598136,
    "jenkins": 0.005936
  }
}