{
  "before_reranker": {
    "erp": 0.4,
    "r": 0.26637192518571684,
    "llm": 0.23378612675151475,
    "rag": 0.177584158238466,
    "поиск аномалий": 0.07430927005181347,
    "текстовая аналитика": 0.05435937823834197,
    "федеративное обучение": 0.05435937823834197,
    "dwh": 0.04672074248217193,
    "программирование 1с": 0.03952655538694993,
    "1c erp": 0.027612382397572084,
    "1c предприятие": 0.007738391502276177,
    "mvvm": 0.007283763277693475,
    "kotlin": 0.006798179059180576,
    "uml": 0.006555386949924128,
    "jenkins": 0.003314112291350531,
    "системное администрирование": 0.00133535660091047,
    "laravel": 0.0004855842185128981,
    "zabbix": 0.0004734446130500743,
    "apache": 0.0
  },
  "after_reranker": {
    "erp": 0.3144287491115849,
    "apache": 0.3,
    "r": 0.20503118392471867,
    "llm": 0.18979575188644887,
    "rag": 0.17341486907064568,
    "федеративное обучение": 0.12427402389974626,
    "текстовая аналитика": 0.10904037073698863,
    "zabbix": 0.09340503122439683,
    "поиск аномалий": 0.09155688230800597,
    "программирование 1с": 0.07734372499450864,
    "dwh": 0.06692982179864332,
    "mvvm": 0.06319150328277681,
    "1c предприятие": 0.04827253621695698,
    "kotlin": 0.04303253486523592,
    "uml": 0.03685008335013997,
    "1c erp": 0.033253389308245965,
    "laravel": 0.03033457846255391,
    "системное администрирование": 0.012445647512132233,
    "jenkins": 0.0023198786039453716
  }
}