{
  "before_reranker": {
    "erp": 0.4,
    "llm": 0.2018417470429855,
    "rag": 0.176674906279846,
    "a/b тестирование": 0.054379896373057006,
    "dwh": 0.04812935850914954,
    "программирование 1с": 0.045468277945619334,
    "1c erp": 0.041238670694864046,
    "kotlin": 0.01163141993957704,
    "mvvm": 0.009516616314199394,
    "1c предприятие": 0.008157099697885199,
    "uml": 0.007250755287009064,
    "xml": 0.0055891238670694844,
    "администрирование 1с": 0.0031722054380664668,
    "jenkins": 0.0031722054380664668,
    "linux": 0.002567975830815711,
    "zabbix": 0.0,
    "1c комплексная автоматизация": 0.0
  },
  "after_reranker": {
    "erp": 0.3044570579066885,
    "1c комплексная автоматизация": 0.3,
    "программирование 1с": 0.20981570302114744,
    "rag": 0.16508586429550554,
    "llm": 0.15853192743454875,
    "администрирование 1с": 0.15166860213558545,
    "1c предприятие": 0.11413629875859824,
    "a/b тестирование": 0.10926260861145133,
    "xml": 0.10546206534905343,
    "zabbix": 0.08300023544841247,
    "dwh": 0.0642250966869077,
    "linux": 0.06273182681543256,
    "mvvm": 0.052806698775698234,
    "1c erp": 0.051022375929324154,
    "kotlin": 0.05010415486820824,
    "uml": 0.03453829769098832,
    "jenkins": 0.0022205438066465267
  }
}